{
  "project_info": {
    "project_number": "1039296933370",
    "firebase_url": "https://neu-fall2020.firebaseio.com",
    "project_id": "neu-fall2020",
    "storage_bucket": "neu-fall2020.appspot.com"
  },
  "client": [
    {
      "client_info": {
        "mobilesdk_app_id": "1:1039296933370:android:ab0f242d773cd3e06fc843",
        "android_client_info": {
          "package_name": "com.example.baby_name"
        }
      },
      "oauth_client": [
        {
          "client_id": "1039296933370-io249gs8cqfui2b212i5f5v86u84snbh.apps.googleusercontent.com",
          "client_type": 3
        }
      ],
      "api_key": [
        {
          "current_key": "AIzaSyBfPapURQgmMe7b2kEzNyhED0SizCFHeJc"
        }
      ],
      "services": {
        "appinvite_service": {
          "other_platform_oauth_client": [
            {
              "client_id": "1039296933370-io249gs8cqfui2b212i5f5v86u84snbh.apps.googleusercontent.com",
              "client_type": 3
            },
            {
              "client_id": "1039296933370-1c2gu9n9u0u7avjhvlcdro6o2r7laakr.apps.googleusercontent.com",
              "client_type": 2,
              "ios_info": {
                "bundle_id": "com.linz.babynames"
              }
            }
          ]
        }
      }
    },
    {
      "client_info": {
        "mobilesdk_app_id": "1:1039296933370:android:d9bfea80f8117cc96fc843",
        "android_client_info": {
          "package_name": "com.example.exercise8_wanqiu_firbase"
        }
      },
      "oauth_client": [
        {
          "client_id": "1039296933370-io249gs8cqfui2b212i5f5v86u84snbh.apps.googleusercontent.com",
          "client_type": 3
        }
      ],
      "api_key": [
        {
          "current_key": "AIzaSyBfPapURQgmMe7b2kEzNyhED0SizCFHeJc"
        }
      ],
      "services": {
        "appinvite_service": {
          "other_platform_oauth_client": [
            {
              "client_id": "1039296933370-io249gs8cqfui2b212i5f5v86u84snbh.apps.googleusercontent.com",
              "client_type": 3
            },
            {
              "client_id": "1039296933370-1c2gu9n9u0u7avjhvlcdro6o2r7laakr.apps.googleusercontent.com",
              "client_type": 2,
              "ios_info": {
                "bundle_id": "com.linz.babynames"
              }
            }
          ]
        }
      }
    },
    {
      "client_info": {
        "mobilesdk_app_id": "1:1039296933370:android:8bace8a3c00adcdb6fc843",
        "android_client_info": {
          "package_name": "com.example.fianl_project_wanqiu_zhouzhou"
        }
      },
      "oauth_client": [
        {
          "client_id": "1039296933370-io249gs8cqfui2b212i5f5v86u84snbh.apps.googleusercontent.com",
          "client_type": 3
        }
      ],
      "api_key": [
        {
          "current_key": "AIzaSyBfPapURQgmMe7b2kEzNyhED0SizCFHeJc"
        }
      ],
      "services": {
        "appinvite_service": {
          "other_platform_oauth_client": [
            {
              "client_id": "1039296933370-io249gs8cqfui2b212i5f5v86u84snbh.apps.googleusercontent.com",
              "client_type": 3
            },
            {
              "client_id": "1039296933370-1c2gu9n9u0u7avjhvlcdro6o2r7laakr.apps.googleusercontent.com",
              "client_type": 2,
              "ios_info": {
                "bundle_id": "com.linz.babynames"
              }
            }
          ]
        }
      }
    },
    {
      "client_info": {
        "mobilesdk_app_id": "1:1039296933370:android:ae21b6945fd01b166fc843",
        "android_client_info": {
          "package_name": "com.example.final01"
        }
      },
      "oauth_client": [
        {
          "client_id": "1039296933370-io249gs8cqfui2b212i5f5v86u84snbh.apps.googleusercontent.com",
          "client_type": 3
        }
      ],
      "api_key": [
        {
          "current_key": "AIzaSyBfPapURQgmMe7b2kEzNyhED0SizCFHeJc"
        }
      ],
      "services": {
        "appinvite_service": {
          "other_platform_oauth_client": [
            {
              "client_id": "1039296933370-io249gs8cqfui2b212i5f5v86u84snbh.apps.googleusercontent.com",
              "client_type": 3
            },
            {
              "client_id": "1039296933370-1c2gu9n9u0u7avjhvlcdro6o2r7laakr.apps.googleusercontent.com",
              "client_type": 2,
              "ios_info": {
                "bundle_id": "com.linz.babynames"
              }
            }
          ]
        }
      }
    },
    {
      "client_info": {
        "mobilesdk_app_id": "1:1039296933370:android:4002afe4e6e3510b6fc843",
        "android_client_info": {
          "package_name": "com.example.final_garage_sale"
        }
      },
      "oauth_client": [
        {
          "client_id": "1039296933370-io249gs8cqfui2b212i5f5v86u84snbh.apps.googleusercontent.com",
          "client_type": 3
        }
      ],
      "api_key": [
        {
          "current_key": "AIzaSyBfPapURQgmMe7b2kEzNyhED0SizCFHeJc"
        }
      ],
      "services": {
        "appinvite_service": {
          "other_platform_oauth_client": [
            {
              "client_id": "1039296933370-io249gs8cqfui2b212i5f5v86u84snbh.apps.googleusercontent.com",
              "client_type": 3
            },
            {
              "client_id": "1039296933370-1c2gu9n9u0u7avjhvlcdro6o2r7laakr.apps.googleusercontent.com",
              "client_type": 2,
              "ios_info": {
                "bundle_id": "com.linz.babynames"
              }
            }
          ]
        }
      }
    },
    {
      "client_info": {
        "mobilesdk_app_id": "1:1039296933370:android:0bde43c9c41ff72b6fc843",
        "android_client_info": {
          "package_name": "com.example.firebase_connection"
        }
      },
      "oauth_client": [
        {
          "client_id": "1039296933370-io249gs8cqfui2b212i5f5v86u84snbh.apps.googleusercontent.com",
          "client_type": 3
        }
      ],
      "api_key": [
        {
          "current_key": "AIzaSyBfPapURQgmMe7b2kEzNyhED0SizCFHeJc"
        }
      ],
      "services": {
        "appinvite_service": {
          "other_platform_oauth_client": [
            {
              "client_id": "1039296933370-io249gs8cqfui2b212i5f5v86u84snbh.apps.googleusercontent.com",
              "client_type": 3
            },
            {
              "client_id": "1039296933370-1c2gu9n9u0u7avjhvlcdro6o2r7laakr.apps.googleusercontent.com",
              "client_type": 2,
              "ios_info": {
                "bundle_id": "com.linz.babynames"
              }
            }
          ]
        }
      }
    },
    {
      "client_info": {
        "mobilesdk_app_id": "1:1039296933370:android:699e90a54aff91176fc843",
        "android_client_info": {
          "package_name": "com.example.hypergaragesale"
        }
      },
      "oauth_client": [
        {
          "client_id": "1039296933370-io249gs8cqfui2b212i5f5v86u84snbh.apps.googleusercontent.com",
          "client_type": 3
        }
      ],
      "api_key": [
        {
          "current_key": "AIzaSyBfPapURQgmMe7b2kEzNyhED0SizCFHeJc"
        }
      ],
      "services": {
        "appinvite_service": {
          "other_platform_oauth_client": [
            {
              "client_id": "1039296933370-io249gs8cqfui2b212i5f5v86u84snbh.apps.googleusercontent.com",
              "client_type": 3
            },
            {
              "client_id": "1039296933370-1c2gu9n9u0u7avjhvlcdro6o2r7laakr.apps.googleusercontent.com",
              "client_type": 2,
              "ios_info": {
                "bundle_id": "com.linz.babynames"
              }
            }
          ]
        }
      }
    },
    {
      "client_info": {
        "mobilesdk_app_id": "1:1039296933370:android:dbeed4cf11e55d676fc843",
        "android_client_info": {
          "package_name": "com.example.set_up"
        }
      },
      "oauth_client": [
        {
          "client_id": "1039296933370-io249gs8cqfui2b212i5f5v86u84snbh.apps.googleusercontent.com",
          "client_type": 3
        }
      ],
      "api_key": [
        {
          "current_key": "AIzaSyBfPapURQgmMe7b2kEzNyhED0SizCFHeJc"
        }
      ],
      "services": {
        "appinvite_service": {
          "other_platform_oauth_client": [
            {
              "client_id": "1039296933370-io249gs8cqfui2b212i5f5v86u84snbh.apps.googleusercontent.com",
              "client_type": 3
            },
            {
              "client_id": "1039296933370-1c2gu9n9u0u7avjhvlcdro6o2r7laakr.apps.googleusercontent.com",
              "client_type": 2,
              "ios_info": {
                "bundle_id": "com.linz.babynames"
              }
            }
          ]
        }
      }
    },
    {
      "client_info": {
        "mobilesdk_app_id": "1:1039296933370:android:3d28f50a95f76fe76fc843",
        "android_client_info": {
          "package_name": "com.firebase"
        }
      },
      "oauth_client": [
        {
          "client_id": "1039296933370-io249gs8cqfui2b212i5f5v86u84snbh.apps.googleusercontent.com",
          "client_type": 3
        }
      ],
      "api_key": [
        {
          "current_key": "AIzaSyBfPapURQgmMe7b2kEzNyhED0SizCFHeJc"
        }
      ],
      "services": {
        "appinvite_service": {
          "other_platform_oauth_client": [
            {
              "client_id": "1039296933370-io249gs8cqfui2b212i5f5v86u84snbh.apps.googleusercontent.com",
              "client_type": 3
            },
            {
              "client_id": "1039296933370-1c2gu9n9u0u7avjhvlcdro6o2r7laakr.apps.googleusercontent.com",
              "client_type": 2,
              "ios_info": {
                "bundle_id": "com.linz.babynames"
              }
            }
          ]
        }
      }
    },
    {
      "client_info": {
        "mobilesdk_app_id": "1:1039296933370:android:ea90ac4fb66f746d6fc843",
        "android_client_info": {
          "package_name": "com.joyniwenwen.flutter_authentication_test"
        }
      },
      "oauth_client": [
        {
          "client_id": "1039296933370-io249gs8cqfui2b212i5f5v86u84snbh.apps.googleusercontent.com",
          "client_type": 3
        }
      ],
      "api_key": [
        {
          "current_key": "AIzaSyBfPapURQgmMe7b2kEzNyhED0SizCFHeJc"
        }
      ],
      "services": {
        "appinvite_service": {
          "other_platform_oauth_client": [
            {
              "client_id": "1039296933370-io249gs8cqfui2b212i5f5v86u84snbh.apps.googleusercontent.com",
              "client_type": 3
            },
            {
              "client_id": "1039296933370-1c2gu9n9u0u7avjhvlcdro6o2r7laakr.apps.googleusercontent.com",
              "client_type": 2,
              "ios_info": {
                "bundle_id": "com.linz.babynames"
              }
            }
          ]
        }
      }
    },
    {
      "client_info": {
        "mobilesdk_app_id": "1:1039296933370:android:29d1b966e924b7e26fc843",
        "android_client_info": {
          "package_name": "com.mmyqf.hypergarage"
        }
      },
      "oauth_client": [
        {
          "client_id": "1039296933370-io249gs8cqfui2b212i5f5v86u84snbh.apps.googleusercontent.com",
          "client_type": 3
        }
      ],
      "api_key": [
        {
          "current_key": "AIzaSyBfPapURQgmMe7b2kEzNyhED0SizCFHeJc"
        }
      ],
      "services": {
        "appinvite_service": {
          "other_platform_oauth_client": [
            {
              "client_id": "1039296933370-io249gs8cqfui2b212i5f5v86u84snbh.apps.googleusercontent.com",
              "client_type": 3
            },
            {
              "client_id": "1039296933370-1c2gu9n9u0u7avjhvlcdro6o2r7laakr.apps.googleusercontent.com",
              "client_type": 2,
              "ios_info": {
                "bundle_id": "com.linz.babynames"
              }
            }
          ]
        }
      }
    },
    {
      "client_info": {
        "mobilesdk_app_id": "1:1039296933370:android:3a9c1b590d1440866fc843",
        "android_client_info": {
          "package_name": "com.neumz.exercise_8"
        }
      },
      "oauth_client": [
        {
          "client_id": "1039296933370-io249gs8cqfui2b212i5f5v86u84snbh.apps.googleusercontent.com",
          "client_type": 3
        }
      ],
      "api_key": [
        {
          "current_key": "AIzaSyBfPapURQgmMe7b2kEzNyhED0SizCFHeJc"
        }
      ],
      "services": {
        "appinvite_service": {
          "other_platform_oauth_client": [
            {
              "client_id": "1039296933370-io249gs8cqfui2b212i5f5v86u84snbh.apps.googleusercontent.com",
              "client_type": 3
            },
            {
              "client_id": "1039296933370-1c2gu9n9u0u7avjhvlcdro6o2r7laakr.apps.googleusercontent.com",
              "client_type": 2,
              "ios_info": {
                "bundle_id": "com.linz.babynames"
              }
            }
          ]
        }
      }
    },
    {
      "client_info": {
        "mobilesdk_app_id": "1:1039296933370:android:9e69f52903c1c1226fc843",
        "android_client_info": {
          "package_name": "dev.flutter.garage_sale"
        }
      },
      "oauth_client": [
        {
          "client_id": "1039296933370-d9us90hkvsqp2kck3jvp7qdh2kg97k2v.apps.googleusercontent.com",
          "client_type": 1,
          "android_info": {
            "package_name": "dev.flutter.garage_sale",
            "certificate_hash": "991f88697c59b464816ec8462b8e4d92c5f50d01"
          }
        },
        {
          "client_id": "1039296933370-io249gs8cqfui2b212i5f5v86u84snbh.apps.googleusercontent.com",
          "client_type": 3
        }
      ],
      "api_key": [
        {
          "current_key": "AIzaSyBfPapURQgmMe7b2kEzNyhED0SizCFHeJc"
        }
      ],
      "services": {
        "appinvite_service": {
          "other_platform_oauth_client": [
            {
              "client_id": "1039296933370-io249gs8cqfui2b212i5f5v86u84snbh.apps.googleusercontent.com",
              "client_type": 3
            },
            {
              "client_id": "1039296933370-1c2gu9n9u0u7avjhvlcdro6o2r7laakr.apps.googleusercontent.com",
              "client_type": 2,
              "ios_info": {
                "bundle_id": "com.linz.babynames"
              }
            }
          ]
        }
      }
    },
    {
      "client_info": {
        "mobilesdk_app_id": "1:1039296933370:android:7d144697a2e683b96fc843",
        "android_client_info": {
          "package_name": "ycode.garage_sale"
        }
      },
      "oauth_client": [
        {
          "client_id": "1039296933370-io249gs8cqfui2b212i5f5v86u84snbh.apps.googleusercontent.com",
          "client_type": 3
        }
      ],
      "api_key": [
        {
          "current_key": "AIzaSyBfPapURQgmMe7b2kEzNyhED0SizCFHeJc"
        }
      ],
      "services": {
        "appinvite_service": {
          "other_platform_oauth_client": [
            {
              "client_id": "1039296933370-io249gs8cqfui2b212i5f5v86u84snbh.apps.googleusercontent.com",
              "client_type": 3
            },
            {
              "client_id": "1039296933370-1c2gu9n9u0u7avjhvlcdro6o2r7laakr.apps.googleusercontent.com",
              "client_type": 2,
              "ios_info": {
                "bundle_id": "com.linz.babynames"
              }
            }
          ]
        }
      }
    }
  ],
  "configuration_version": "1"
}